id,num_items,capacidad,num_variables_qubo,optimo,metodo,valor_total,peso,factible,ratio_optimo,tiempo_total,prob_optimo_starts,prob_optimo_muestras,tasa_factibilidad,ratio_medio_factibles,starts,total_muestras,t_cuantico,t_clasico,tiempo_por_eval,total_evals,warmstart,epsilon_warmstart,sqa_beta,sqa_gamma,sqa_trotter,sqa_num_sweeps
201,2,5,5,9,qaoa_warmstart,9,5,True,1.0,436.2138796999934,0.8,N/A,1.0,0.9111111111111111,10,N/A,426.7257893991191,9.48592650104547,0.17378930613552535,2510,True,0.25,N/A,N/A,N/A,N/A
202,2,6,5,11,qaoa_warmstart,11,6,True,1.0,386.31982959999004,1.0,N/A,1.0,1.0,10,N/A,377.0347394996206,9.282908200402744,0.15391115565738822,2510,True,0.25,N/A,N/A,N/A,N/A
203,2,5,5,8,qaoa_warmstart,8,5,True,1.0,413.0036687999964,0.7,N/A,1.0,0.8125,10,N/A,403.6093222005875,9.39212549943477,0.16454212613546648,2510,True,0.25,N/A,N/A,N/A,N/A
204,2,4,5,6,qaoa_warmstart,6,4,True,1.0,471.0047305999906,1.0,N/A,1.0,1.0,10,N/A,461.6840283985366,9.318206001480576,0.1876500527490166,2510,True,0.25,N/A,N/A,N/A,N/A
301,3,5,6,9,qaoa_warmstart,9,5,True,1.0,906.0691477000364,0.8,N/A,1.0,0.9777777777777779,10,N/A,896.2668843986467,9.799971301457845,0.36098248685262097,2510,True,0.25,N/A,N/A,N/A,N/A
302,3,5,6,9,qaoa_warmstart,9,5,True,1.0,871.0455317999586,0.7,N/A,1.0,0.9444444444444446,10,N/A,861.2563839997747,9.786757400201168,0.34702882784860767,2510,True,0.25,N/A,N/A,N/A,N/A
303,3,5,6,11,qaoa_warmstart,11,5,True,1.0,954.4066226999857,1.0,N/A,1.0,1.0,10,N/A,944.7554320001509,9.648872099933214,0.3802404395617921,2510,True,0.25,N/A,N/A,N/A,N/A
304,3,4,6,7,qaoa_warmstart,7,4,True,1.0,820.8595110999886,0.8,N/A,1.0,0.9714285714285715,10,N/A,811.1593917004066,9.697808199562132,0.3270344199203196,2510,True,0.25,N/A,N/A,N/A,N/A
401,4,9,8,21,qaoa_warmstart,21,9,True,1.0,4548.952771899989,0.9,N/A,1.0,0.9952380952380953,10,N/A,4535.437533999851,13.512642600282561,1.8123304058167808,2510,True,0.25,N/A,N/A,N/A,N/A
402,4,8,8,21,qaoa_warmstart,21,8,True,1.0,4586.9031838999945,0.3,N/A,1.0,0.8904761904761903,10,N/A,4573.454047699401,13.446406700531952,1.8274499761354386,2510,True,0.25,N/A,N/A,N/A,N/A
403,4,7,7,20,qaoa_warmstart,20,7,True,1.0,1970.64776610001,0.7,N/A,1.0,0.95,10,N/A,1959.716516800283,10.928703999670688,0.7851172349402269,2510,True,0.25,N/A,N/A,N/A,N/A
404,4,8,8,21,qaoa_warmstart,21,8,True,1.0,4428.323246499989,0.8,N/A,1.0,0.9761904761904763,10,N/A,4414.549384499842,13.771211300278082,1.764270840398457,2510,True,0.25,N/A,N/A,N/A,N/A
201,2,5,5,9,qaoa,9,5,True,1.0,495.4777771999943,1.0,N/A,1.0,1.0,10,N/A,486.31022590072826,9.165331199474167,0.19740039529888778,2510,N/A,N/A,N/A,N/A,N/A,N/A
202,2,6,5,11,qaoa,11,6,True,1.0,442.4991238999646,1.0,N/A,1.0,1.0,10,N/A,433.5614371004631,8.935473299468867,0.17629336884460484,2510,N/A,N/A,N/A,N/A,N/A,N/A
203,2,5,5,8,qaoa,8,5,True,1.0,457.75528490002034,0.9,N/A,1.0,0.9375,10,N/A,448.7957718995167,8.957288800447714,0.18237143920315244,2510,N/A,N/A,N/A,N/A,N/A,N/A
204,2,4,5,6,qaoa,6,4,True,1.0,518.5867098000017,1.0,N/A,1.0,1.0,10,N/A,509.6986440999899,8.885841900017112,0.2066070788047848,2510,N/A,N/A,N/A,N/A,N/A,N/A
301,3,5,6,9,qaoa,9,5,True,1.0,1039.0253155999817,0.7,N/A,1.0,0.9666666666666668,10,N/A,1029.257743000344,9.76517659961246,0.41395301756971287,2510,N/A,N/A,N/A,N/A,N/A,N/A
302,3,5,6,9,qaoa,9,5,True,1.0,984.0380991999991,0.9,N/A,1.0,0.9888888888888889,10,N/A,974.0089090007241,10.026832699251827,0.3920457816732847,2510,N/A,N/A,N/A,N/A,N/A,N/A
303,3,5,6,11,qaoa,11,5,True,1.0,1046.4265931000118,0.7,N/A,1.0,0.9727272727272727,10,N/A,1036.4946229992784,9.929530600726139,0.41690171832669587,2510,N/A,N/A,N/A,N/A,N/A,N/A
304,3,4,6,7,qaoa,7,4,True,1.0,925.8169661000138,0.9,N/A,1.0,0.9857142857142858,10,N/A,915.9217889005668,9.892778599460144,0.36885021107570004,2510,N/A,N/A,N/A,N/A,N/A,N/A
401,4,9,8,21,qaoa,21,9,True,1.0,5851.588026200014,0.7,N/A,1.0,0.9095238095238095,10,N/A,5837.208965400816,14.376191699120682,2.3313084623904157,2510,N/A,N/A,N/A,N/A,N/A,N/A
402,4,8,8,21,qaoa,21,8,True,1.0,5899.081757500011,0.5,N/A,1.0,0.9428571428571428,10,N/A,5884.65113499877,14.427736501267646,2.3502303181673434,2510,N/A,N/A,N/A,N/A,N/A,N/A
403,4,7,7,20,qaoa,20,7,True,1.0,2273.48853219999,0.9,N/A,1.0,0.9800000000000001,10,N/A,2261.892182601616,11.593742598313838,0.9057709358167135,2510,N/A,N/A,N/A,N/A,N/A,N/A
404,4,8,8,21,qaoa,21,8,True,1.0,5682.556783700013,0.6,N/A,1.0,0.9333333333333333,10,N/A,5668.1591805997305,14.394778500369284,2.2639653623506217,2510,N/A,N/A,N/A,N/A,N/A,N/A
201,2,5,5,9,sa,9,5,True,1.0,0.019059100013691932,1.0,0.25,1.0,0.5277777777777778,10,100,N/A,N/A,N/A,N/A,N/A,N/A,N/A,N/A,N/A,N/A
202,2,6,5,11,sa,11,6,True,1.0,0.016549799998756498,1.0,0.47,1.0,0.6536363636363637,10,100,N/A,N/A,N/A,N/A,N/A,N/A,N/A,N/A,N/A,N/A
203,2,5,5,8,sa,8,5,True,1.0,0.016405100002884865,1.0,0.38,1.0,0.485,10,100,N/A,N/A,N/A,N/A,N/A,N/A,N/A,N/A,N/A,N/A
204,2,4,5,6,sa,6,4,True,1.0,0.01631710003130138,1.0,0.47,0.96,0.4895833333333333,10,100,N/A,N/A,N/A,N/A,N/A,N/A,N/A,N/A,N/A,N/A
301,3,5,6,9,sa,9,5,True,1.0,0.019503600022289902,0.8,0.19,1.0,0.6444444444444445,10,100,N/A,N/A,N/A,N/A,N/A,N/A,N/A,N/A,N/A,N/A
302,3,5,6,9,sa,9,5,True,1.0,0.018758999998681247,1.0,0.27,1.0,0.6666666666666666,10,100,N/A,N/A,N/A,N/A,N/A,N/A,N/A,N/A,N/A,N/A
303,3,5,6,11,sa,11,5,True,1.0,0.02100319997407496,1.0,0.31,1.0,0.6263636363636363,10,100,N/A,N/A,N/A,N/A,N/A,N/A,N/A,N/A,N/A,N/A
304,3,4,6,7,sa,7,4,True,1.0,0.020943399984389544,0.9,0.23,0.98,0.7346938775510203,10,100,N/A,N/A,N/A,N/A,N/A,N/A,N/A,N/A,N/A,N/A
401,4,9,8,21,sa,21,9,True,1.0,0.024151199962943792,0.5,0.07,0.97,0.5360824742268041,10,100,N/A,N/A,N/A,N/A,N/A,N/A,N/A,N/A,N/A,N/A
402,4,8,8,21,sa,21,8,True,1.0,0.023831100028473884,0.8,0.09,0.99,0.6464646464646464,10,100,N/A,N/A,N/A,N/A,N/A,N/A,N/A,N/A,N/A,N/A
403,4,7,7,20,sa,20,7,True,1.0,0.021315400023013353,0.7,0.17,1.0,0.6795,10,100,N/A,N/A,N/A,N/A,N/A,N/A,N/A,N/A,N/A,N/A
404,4,8,8,21,sa,21,8,True,1.0,0.023542599985376,0.8,0.16,0.99,0.6108706108706109,10,100,N/A,N/A,N/A,N/A,N/A,N/A,N/A,N/A,N/A,N/A
201,2,5,5,9,qaoa_warmstart,9,5,True,1.0,442.61800440005027,1.0,N/A,1.0,1.0,10,N/A,433.17922070156783,9.436531098501291,0.17634070649403574,2510,True,0.25,N/A,N/A,N/A,N/A
202,2,6,5,11,qaoa_warmstart,11,6,True,1.0,395.5601973999874,0.9,N/A,1.0,0.9636363636363636,10,N/A,386.3200869007269,9.237807099241763,0.15759251932270335,2510,True,0.25,N/A,N/A,N/A,N/A
203,2,5,5,8,qaoa_warmstart,8,5,True,1.0,411.819721100037,0.9,N/A,1.0,0.9375,10,N/A,402.4094293995877,9.408103700552601,0.16407052653392246,2510,True,0.25,N/A,N/A,N/A,N/A
204,2,4,5,6,qaoa_warmstart,6,4,True,1.0,464.6696585000027,1.0,N/A,1.0,1.0,10,N/A,455.36758069955977,9.299836200487334,0.185126201474118,2510,True,0.25,N/A,N/A,N/A,N/A
301,3,5,6,9,qaoa_warmstart,9,5,True,1.0,933.5417904999922,0.5,N/A,1.0,0.9444444444444446,10,N/A,923.8153044012724,9.72413529874757,0.371927752868533,2510,True,0.25,N/A,N/A,N/A,N/A
302,3,5,6,9,qaoa_warmstart,9,5,True,1.0,863.8157502999529,0.8,N/A,1.0,0.9666666666666666,10,N/A,854.0241629001102,9.789111399906687,0.34414842513946914,2510,True,0.25,N/A,N/A,N/A,N/A
303,3,5,6,11,qaoa_warmstart,11,5,True,1.0,945.3511139000184,0.9,N/A,1.0,0.990909090909091,10,N/A,935.636770601559,9.711954698432237,0.3766327249402212,2510,True,0.25,N/A,N/A,N/A,N/A
304,3,4,6,7,qaoa_warmstart,7,4,True,1.0,807.4038564999937,0.9,N/A,1.0,0.9857142857142858,10,N/A,797.5874262008583,9.814043099118862,0.3216735400796814,2510,True,0.25,N/A,N/A,N/A,N/A
401,4,9,8,21,qaoa_warmstart,21,9,True,1.0,4654.052303900011,0.6,N/A,1.0,0.9523809523809523,10,N/A,4640.4769292014535,13.57274759846041,1.854202713784822,2510,True,0.25,N/A,N/A,N/A,N/A
402,4,8,8,21,qaoa_warmstart,21,8,True,1.0,4622.236305100028,0.2,N/A,1.0,0.9190476190476191,10,N/A,4608.268268599699,13.965099600318354,1.8415268188047704,2510,True,0.25,N/A,N/A,N/A,N/A
403,4,7,7,20,qaoa_warmstart,20,7,True,1.0,2002.78692709998,0.8,N/A,1.0,0.95,10,N/A,1991.0363359001349,11.747803299862426,0.7979216173705154,2510,True,0.25,N/A,N/A,N/A,N/A
404,4,8,8,21,qaoa_warmstart,21,8,True,1.0,4520.71051200002,0.6,N/A,1.0,0.9285714285714285,10,N/A,4506.823103801289,13.884694798733108,1.8010784844621603,2510,True,0.25,N/A,N/A,N/A,N/A
201,2,5,5,9,qaoa,9,5,True,1.0,491.6065075999941,1.0,N/A,1.0,1.0,10,N/A,482.35883609979646,9.245559400180355,0.19585809952190306,2510,N/A,N/A,N/A,N/A,N/A,N/A
202,2,6,5,11,qaoa,11,6,True,1.0,430.25194569997257,1.0,N/A,1.0,1.0,10,N/A,421.18926619988633,9.06048610014841,0.17141396262951053,2510,N/A,N/A,N/A,N/A,N/A,N/A
203,2,5,5,8,qaoa,8,5,True,1.0,463.8197082999977,0.9,N/A,1.0,0.9375,10,N/A,454.7934107997571,9.02412830031244,0.1847875337052183,2510,N/A,N/A,N/A,N/A,N/A,N/A
204,2,4,5,6,qaoa,6,4,True,1.0,530.8680429999949,0.9,N/A,1.0,0.9,10,N/A,521.920497700863,8.945342699065804,0.21150008087648,2510,N/A,N/A,N/A,N/A,N/A,N/A
301,3,5,6,9,qaoa,9,5,True,1.0,1002.2282114999834,0.7,N/A,1.0,0.9666666666666666,10,N/A,992.4108184015495,9.815054598555434,0.3992929080876882,2510,N/A,N/A,N/A,N/A,N/A,N/A
302,3,5,6,9,qaoa,9,5,True,1.0,951.8401599000208,0.9,N/A,1.0,0.9888888888888889,10,N/A,941.8739724993357,9.963858700706623,0.3792179467729098,2510,N/A,N/A,N/A,N/A,N/A,N/A
303,3,5,6,11,qaoa,11,5,True,1.0,1067.2345575000509,0.8,N/A,1.0,0.9818181818181818,10,N/A,1057.3379718002398,9.894137299794238,0.4251917978486165,2510,N/A,N/A,N/A,N/A,N/A,N/A
304,3,4,6,7,qaoa,7,4,True,1.0,942.8696159000392,0.8,N/A,1.0,0.9714285714285715,10,N/A,933.0096579995006,9.857633500534575,0.37564416219124597,2510,N/A,N/A,N/A,N/A,N/A,N/A
401,4,9,8,21,qaoa,21,9,True,1.0,5939.926768900012,0.9,N/A,1.0,0.980952380952381,10,N/A,5925.571120799927,14.352867600275204,2.3665032786056512,2510,N/A,N/A,N/A,N/A,N/A,N/A
402,4,8,8,21,qaoa,21,8,True,1.0,5874.789062099997,0.5,N/A,1.0,0.938095238095238,10,N/A,5860.493045200943,14.293213099008426,2.340552009681246,2510,N/A,N/A,N/A,N/A,N/A,N/A
403,4,7,7,20,qaoa,20,7,True,1.0,2275.4158604000113,0.8,N/A,1.0,0.9649999999999999,10,N/A,2263.7564358992386,11.656821500859223,0.9065388333068166,2510,N/A,N/A,N/A,N/A,N/A,N/A
404,4,8,8,21,qaoa,21,8,True,1.0,5707.773463799967,0.5,N/A,1.0,0.9476190476190478,10,N/A,5693.446337699774,14.324367400142364,2.2740119056573485,2510,N/A,N/A,N/A,N/A,N/A,N/A
201,2,5,5,9,sa,9,5,True,1.0,0.01740160002373159,1.0,0.41,1.0,0.6044444444444445,10,100,N/A,N/A,N/A,N/A,N/A,N/A,N/A,N/A,N/A,N/A
202,2,6,5,11,sa,11,6,True,1.0,0.016005299985408783,1.0,0.47,1.0,0.73,10,100,N/A,N/A,N/A,N/A,N/A,N/A,N/A,N/A,N/A,N/A
203,2,5,5,8,sa,8,5,True,1.0,0.016205399995669723,1.0,0.29,1.0,0.43625,10,100,N/A,N/A,N/A,N/A,N/A,N/A,N/A,N/A,N/A,N/A
204,2,4,5,6,sa,6,4,True,1.0,0.015733699954580516,1.0,0.56,0.96,0.5833333333333334,10,100,N/A,N/A,N/A,N/A,N/A,N/A,N/A,N/A,N/A,N/A
301,3,5,6,9,sa,9,5,True,1.0,0.018224600004032254,0.9,0.2,1.0,0.5966666666666667,10,100,N/A,N/A,N/A,N/A,N/A,N/A,N/A,N/A,N/A,N/A
302,3,5,6,9,sa,9,5,True,1.0,0.018713600002229214,1.0,0.26,1.0,0.7022222222222222,10,100,N/A,N/A,N/A,N/A,N/A,N/A,N/A,N/A,N/A,N/A
303,3,5,6,11,sa,11,5,True,1.0,0.019652799994219095,1.0,0.35,1.0,0.6654545454545454,10,100,N/A,N/A,N/A,N/A,N/A,N/A,N/A,N/A,N/A,N/A
304,3,4,6,7,sa,7,4,True,1.0,0.018817199976183474,0.9,0.23,0.99,0.7359307359307359,10,100,N/A,N/A,N/A,N/A,N/A,N/A,N/A,N/A,N/A,N/A
401,4,9,8,21,sa,21,9,True,1.0,0.022479800041764975,0.6,0.07,0.99,0.5892255892255892,10,100,N/A,N/A,N/A,N/A,N/A,N/A,N/A,N/A,N/A,N/A
402,4,8,8,21,sa,21,8,True,1.0,0.022719300002790987,0.5,0.09,0.94,0.6747720364741641,10,100,N/A,N/A,N/A,N/A,N/A,N/A,N/A,N/A,N/A,N/A
403,4,7,7,20,sa,20,7,True,1.0,0.020485799992457032,0.9,0.15,1.0,0.636,10,100,N/A,N/A,N/A,N/A,N/A,N/A,N/A,N/A,N/A,N/A
404,4,8,8,21,sa,21,8,True,1.0,0.023297799983993173,0.7,0.09,0.98,0.5748299319727891,10,100,N/A,N/A,N/A,N/A,N/A,N/A,N/A,N/A,N/A,N/A
201,2,5,5,9,qaoa_warmstart,9,5,True,1.0,439.5170448999852,1.0,N/A,1.0,1.0,10,N/A,430.0238222994958,9.491128700552508,0.17510534972112451,2510,True,0.25,N/A,N/A,N/A,N/A
202,2,6,5,11,qaoa_warmstart,11,6,True,1.0,377.10990239999956,0.9,N/A,1.0,0.9636363636363636,10,N/A,367.9535155003541,9.154236499569379,0.15024192912345918,2510,True,0.25,N/A,N/A,N/A,N/A
203,2,5,5,8,qaoa_warmstart,8,5,True,1.0,408.60394579998683,0.7,N/A,1.0,0.8125,10,N/A,399.38670840044506,9.215093599632382,0.16278937007970756,2510,True,0.25,N/A,N/A,N/A,N/A
204,2,4,5,6,qaoa_warmstart,6,4,True,1.0,479.00600230001146,0.9,N/A,1.0,0.9,10,N/A,469.8497519996017,9.154101200518198,0.1908380185259252,2510,True,0.25,N/A,N/A,N/A,N/A
301,3,5,6,9,qaoa_warmstart,9,5,True,1.0,897.5660927999998,0.5,N/A,1.0,0.9444444444444444,10,N/A,887.87611260009,9.68765799968969,0.3575948309561004,2510,True,0.25,N/A,N/A,N/A,N/A
302,3,5,6,9,qaoa_warmstart,9,5,True,1.0,841.9889589000377,0.8,N/A,1.0,0.9777777777777779,10,N/A,832.2911992999725,9.695436600013636,0.3354525555776751,2510,True,0.25,N/A,N/A,N/A,N/A
303,3,5,6,11,qaoa_warmstart,11,5,True,1.0,951.6052548000007,0.8,N/A,1.0,0.9,10,N/A,941.899427700555,9.703530999249779,0.37912439195213343,2510,True,0.25,N/A,N/A,N/A,N/A
304,3,4,6,7,qaoa_warmstart,7,4,True,1.0,820.6374763000058,0.6,N/A,1.0,0.9428571428571427,10,N/A,810.8454176984378,9.78975920152152,0.32694607741033394,2510,True,0.25,N/A,N/A,N/A,N/A
401,4,9,8,21,qaoa_warmstart,21,9,True,1.0,4477.700349799998,0.7,N/A,1.0,0.9714285714285715,10,N/A,4464.528865098604,13.16884820110863,1.783943006374402,2510,True,0.25,N/A,N/A,N/A,N/A
402,4,8,8,21,qaoa_warmstart,19,7,True,0.9047619047619048,4580.558539799997,0.0,N/A,1.0,0.8714285714285713,10,N/A,4567.008131799928,13.547710399958305,1.8249223305577313,2510,True,0.25,N/A,N/A,N/A,N/A
403,4,7,7,20,qaoa_warmstart,20,7,True,1.0,1922.7787823999533,0.8,N/A,1.0,0.9650000000000001,10,N/A,1911.2062162988004,11.570075401163194,0.7660460242629376,2510,True,0.25,N/A,N/A,N/A,N/A
404,4,8,8,21,qaoa_warmstart,21,8,True,1.0,4374.333471500024,0.7,N/A,1.0,0.8904761904761903,10,N/A,4361.126482100284,13.204338399751578,1.7427609854980057,2510,True,0.25,N/A,N/A,N/A,N/A
201,2,5,5,9,qaoa,9,5,True,1.0,497.4988990999991,1.0,N/A,1.0,1.0,10,N/A,488.42311539844377,9.073658401612192,0.1982056740239129,2510,N/A,N/A,N/A,N/A,N/A,N/A
202,2,6,5,11,qaoa,11,6,True,1.0,427.3249366999953,0.9,N/A,1.0,0.9636363636363636,10,N/A,418.17543009942165,9.14729160052957,0.17024783494022389,2510,N/A,N/A,N/A,N/A,N/A,N/A
203,2,5,5,8,qaoa,8,5,True,1.0,464.8056426999974,0.9,N/A,1.0,0.9375,10,N/A,455.59928429994034,9.204129600140732,0.185180325856603,2510,N/A,N/A,N/A,N/A,N/A,N/A
204,2,4,5,6,qaoa,6,4,True,1.0,536.9309716999996,0.9,N/A,1.0,0.9,10,N/A,527.8725464997697,9.056182100146543,0.21391556442228696,2510,N/A,N/A,N/A,N/A,N/A,N/A
301,3,5,6,9,qaoa,9,5,True,1.0,1040.5657187000033,0.6,N/A,1.0,0.9222222222222222,10,N/A,1030.758068800671,9.805070299305953,0.41456670474102886,2510,N/A,N/A,N/A,N/A,N/A,N/A
302,3,5,6,9,qaoa,9,5,True,1.0,969.7669301999849,0.9,N/A,1.0,0.9888888888888889,10,N/A,959.8421904998831,9.922376000147779,0.3863601086454362,2510,N/A,N/A,N/A,N/A,N/A,N/A
303,3,5,6,11,qaoa,11,5,True,1.0,1039.760184600018,1.0,N/A,1.0,1.0,10,N/A,1029.8655663984246,9.892210401536431,0.41424582725097664,2510,N/A,N/A,N/A,N/A,N/A,N/A
304,3,4,6,7,qaoa,7,4,True,1.0,929.8896149999928,0.8,N/A,1.0,0.9714285714285715,10,N/A,919.8533159997314,10.033896300126798,0.3704727233465681,2510,N/A,N/A,N/A,N/A,N/A,N/A
401,4,9,8,21,qaoa,21,9,True,1.0,5918.934993200004,0.7,N/A,1.0,0.9571428571428571,10,N/A,5904.627208399936,14.304967100091744,2.358140021394447,2510,N/A,N/A,N/A,N/A,N/A,N/A
402,4,8,8,21,qaoa,21,8,True,1.0,5938.095050600008,0.4,N/A,1.0,0.8380952380952381,10,N/A,5923.611356300826,14.480762699386105,2.3657734274502893,2510,N/A,N/A,N/A,N/A,N/A,N/A
403,4,7,7,20,qaoa,20,7,True,1.0,2252.7944288,0.8,N/A,1.0,0.9650000000000001,10,N/A,2241.101742902072,11.690057798055932,0.8975263175697425,2510,N/A,N/A,N/A,N/A,N/A,N/A
404,4,8,8,21,qaoa,21,8,True,1.0,5893.6172750999685,0.7,N/A,1.0,0.9714285714285715,10,N/A,5879.17882339831,14.435669901780784,2.348053257569784,2510,N/A,N/A,N/A,N/A,N/A,N/A
201,2,5,5,9,sa,9,5,True,1.0,0.01738520001526922,1.0,0.32,1.0,0.5422222222222223,10,100,N/A,N/A,N/A,N/A,N/A,N/A,N/A,N/A,N/A,N/A
202,2,6,5,11,sa,11,6,True,1.0,0.016118100029416382,1.0,0.53,1.0,0.7009090909090909,10,100,N/A,N/A,N/A,N/A,N/A,N/A,N/A,N/A,N/A,N/A
203,2,5,5,8,sa,8,5,True,1.0,0.01628270000219345,1.0,0.34,1.0,0.47125,10,100,N/A,N/A,N/A,N/A,N/A,N/A,N/A,N/A,N/A,N/A
204,2,4,5,6,sa,6,4,True,1.0,0.015588799957185984,1.0,0.53,0.99,0.5353535353535354,10,100,N/A,N/A,N/A,N/A,N/A,N/A,N/A,N/A,N/A,N/A
301,3,5,6,9,sa,9,5,True,1.0,0.01840569998603314,0.9,0.22,1.0,0.5688888888888889,10,100,N/A,N/A,N/A,N/A,N/A,N/A,N/A,N/A,N/A,N/A
302,3,5,6,9,sa,9,5,True,1.0,0.019374700030311942,1.0,0.25,1.0,0.6611111111111111,10,100,N/A,N/A,N/A,N/A,N/A,N/A,N/A,N/A,N/A,N/A
303,3,5,6,11,sa,11,5,True,1.0,0.019128100015223026,1.0,0.27,1.0,0.6181818181818182,10,100,N/A,N/A,N/A,N/A,N/A,N/A,N/A,N/A,N/A,N/A
304,3,4,6,7,sa,7,4,True,1.0,0.018759200000204146,0.9,0.29,0.99,0.733044733044733,10,100,N/A,N/A,N/A,N/A,N/A,N/A,N/A,N/A,N/A,N/A
401,4,9,8,21,sa,21,9,True,1.0,0.023626099922694266,0.5,0.06,1.0,0.5714285714285714,10,100,N/A,N/A,N/A,N/A,N/A,N/A,N/A,N/A,N/A,N/A
402,4,8,8,21,sa,21,8,True,1.0,0.023083799984306097,0.5,0.05,0.97,0.6308296514482081,10,100,N/A,N/A,N/A,N/A,N/A,N/A,N/A,N/A,N/A,N/A
403,4,7,7,20,sa,20,7,True,1.0,0.020365500007756054,0.7,0.13,1.0,0.6605,10,100,N/A,N/A,N/A,N/A,N/A,N/A,N/A,N/A,N/A,N/A
404,4,8,8,21,sa,21,8,True,1.0,0.021979000070132315,0.4,0.11,0.96,0.6066468253968254,10,100,N/A,N/A,N/A,N/A,N/A,N/A,N/A,N/A,N/A,N/A
201,2,5,5,9,qaoa_warmstart,9,5,True,1.0,439.8361930999672,1.0,N/A,1.0,1.0,10,N/A,430.2567607987439,9.577294801245444,0.17523246637449982,2510,True,0.25,N/A,N/A,N/A,N/A
202,2,6,5,11,qaoa_warmstart,11,6,True,1.0,393.5243884000229,1.0,N/A,1.0,1.0,10,N/A,384.0840949998237,9.438084600144066,0.15678153167329395,2510,True,0.25,N/A,N/A,N/A,N/A
203,2,5,5,8,qaoa_warmstart,8,5,True,1.0,420.5717423000606,0.9,N/A,1.0,0.9375,10,N/A,411.2530555985868,9.31639400147833,0.16755728131476455,2510,True,0.25,N/A,N/A,N/A,N/A
204,2,4,5,6,qaoa_warmstart,6,4,True,1.0,462.6584125999361,1.0,N/A,1.0,1.0,10,N/A,453.3314568004571,9.324724499485455,0.18432491784859673,2510,True,0.25,N/A,N/A,N/A,N/A
301,3,5,6,9,qaoa_warmstart,9,5,True,1.0,905.9723625999177,0.4,N/A,1.0,0.9333333333333333,10,N/A,896.1027995008044,9.867232199409045,0.360943928247121,2510,True,0.25,N/A,N/A,N/A,N/A
302,3,5,6,9,qaoa_warmstart,9,5,True,1.0,841.9229312000098,0.8,N/A,1.0,0.9777777777777779,10,N/A,832.1616873018211,9.75879259814974,0.33542622581673454,2510,True,0.25,N/A,N/A,N/A,N/A
303,3,5,6,11,qaoa_warmstart,11,5,True,1.0,923.2676663000602,1.0,N/A,1.0,1.0,10,N/A,913.6091512016719,9.656191998161376,0.3678345065735989,2510,True,0.25,N/A,N/A,N/A,N/A
304,3,4,6,7,qaoa_warmstart,7,4,True,1.0,824.8536336000543,1.0,N/A,1.0,1.0,10,N/A,815.1080713984556,9.743189101689495,0.3286257031872735,2510,True,0.25,N/A,N/A,N/A,N/A
401,4,9,8,21,qaoa_warmstart,21,9,True,1.0,4436.3552841999335,0.6,N/A,1.0,0.938095238095238,10,N/A,4422.609569300199,13.743043199763633,1.7674709466135268,2510,True,0.25,N/A,N/A,N/A,N/A
402,4,8,8,21,qaoa_warmstart,21,8,True,1.0,4558.658322499949,0.4,N/A,1.0,0.9238095238095237,10,N/A,4545.4605445005,13.195153899490833,1.8161972721912472,2510,True,0.25,N/A,N/A,N/A,N/A
403,4,7,7,20,qaoa_warmstart,20,7,True,1.0,1950.1366008999757,0.6,N/A,1.0,0.9399999999999998,10,N/A,1938.607253001188,11.526790498639457,0.7769456791632579,2510,True,0.25,N/A,N/A,N/A,N/A
404,4,8,8,21,qaoa_warmstart,21,8,True,1.0,4400.325281600002,0.6,N/A,1.0,0.9523809523809523,10,N/A,4386.849471100024,13.473066200036556,1.7531162530677282,2510,True,0.25,N/A,N/A,N/A,N/A
201,2,5,5,9,qaoa,9,5,True,1.0,480.6254192000488,0.9,N/A,1.0,0.9555555555555555,10,N/A,471.3593546990305,9.26394540129695,0.19148316976105964,2510,N/A,N/A,N/A,N/A,N/A,N/A
202,2,6,5,11,qaoa,11,6,True,1.0,443.3793327000458,0.8,N/A,1.0,0.9272727272727274,10,N/A,434.3219406994758,9.055018600542098,0.17664390828685864,2510,N/A,N/A,N/A,N/A,N/A,N/A
203,2,5,5,8,qaoa,8,5,True,1.0,473.0582247999264,1.0,N/A,1.0,1.0,10,N/A,464.16408659750596,8.891964202513918,0.18846827470122343,2510,N/A,N/A,N/A,N/A,N/A,N/A
204,2,4,5,6,qaoa,6,4,True,1.0,528.2732775999466,0.8,N/A,1.0,0.8,10,N/A,519.30985950178,8.961221698322333,0.21046632529886633,2510,N/A,N/A,N/A,N/A,N/A,N/A
301,3,5,6,9,qaoa,9,5,True,1.0,1008.7034202000359,0.7,N/A,1.0,0.9333333333333333,10,N/A,998.7833822986577,9.917654401506297,0.4018726460558206,2510,N/A,N/A,N/A,N/A,N/A,N/A
302,3,5,6,9,qaoa,9,5,True,1.0,996.078254199936,0.8,N/A,1.0,0.9777777777777779,10,N/A,985.9973345005419,10.078570499434136,0.3968426857768851,2510,N/A,N/A,N/A,N/A,N/A,N/A
303,3,5,6,11,qaoa,11,5,True,1.0,1028.7985409999965,1.0,N/A,1.0,1.0,10,N/A,1018.9803741994547,9.8158131003147,0.40987865868515233,2510,N/A,N/A,N/A,N/A,N/A,N/A
304,3,4,6,7,qaoa,7,4,True,1.0,927.512495999923,0.9,N/A,1.0,0.9857142857142858,10,N/A,917.4727355990326,10.037401800625958,0.3695256317528781,2510,N/A,N/A,N/A,N/A,N/A,N/A
401,4,9,8,21,qaoa,21,9,True,1.0,5743.703771299915,0.7,N/A,1.0,0.9571428571428571,10,N/A,5729.359100803034,14.341915596858598,2.288326777490014,2510,N/A,N/A,N/A,N/A,N/A,N/A
402,4,8,8,21,qaoa,21,8,True,1.0,5889.192349300021,0.7,N/A,1.0,0.9238095238095237,10,N/A,5874.697533999453,14.491988600348122,2.34629030015929,2510,N/A,N/A,N/A,N/A,N/A,N/A
403,4,7,7,20,qaoa,20,7,True,1.0,2288.2175090000965,0.6,N/A,1.0,0.9249999999999998,10,N/A,2276.5365178983193,11.678389101522043,0.9116391807170288,2510,N/A,N/A,N/A,N/A,N/A,N/A
404,4,8,8,21,qaoa,21,8,True,1.0,5707.343494400033,0.4,N/A,1.0,0.8761904761904761,10,N/A,5692.933247398469,14.407480301568285,2.2738406056175062,2510,N/A,N/A,N/A,N/A,N/A,N/A
201,2,5,5,9,sa,9,5,True,1.0,0.01744859991595149,1.0,0.38,1.0,0.6077777777777778,10,100,N/A,N/A,N/A,N/A,N/A,N/A,N/A,N/A,N/A,N/A
202,2,6,5,11,sa,11,6,True,1.0,0.016063300077803433,1.0,0.55,1.0,0.7254545454545455,10,100,N/A,N/A,N/A,N/A,N/A,N/A,N/A,N/A,N/A,N/A
203,2,5,5,8,sa,8,5,True,1.0,0.015939899953082204,0.9,0.44,1.0,0.54875,10,100,N/A,N/A,N/A,N/A,N/A,N/A,N/A,N/A,N/A,N/A
204,2,4,5,6,sa,6,4,True,1.0,0.015800799941644073,1.0,0.52,0.97,0.5360824742268041,10,100,N/A,N/A,N/A,N/A,N/A,N/A,N/A,N/A,N/A,N/A
301,3,5,6,9,sa,9,5,True,1.0,0.018266199971549213,0.8,0.19,1.0,0.5655555555555556,10,100,N/A,N/A,N/A,N/A,N/A,N/A,N/A,N/A,N/A,N/A
302,3,5,6,9,sa,9,5,True,1.0,0.018885000026784837,1.0,0.25,1.0,0.7355555555555555,10,100,N/A,N/A,N/A,N/A,N/A,N/A,N/A,N/A,N/A,N/A
303,3,5,6,11,sa,11,5,True,1.0,0.019321099971421063,0.9,0.31,1.0,0.6345454545454545,10,100,N/A,N/A,N/A,N/A,N/A,N/A,N/A,N/A,N/A,N/A
304,3,4,6,7,sa,7,4,True,1.0,0.018058199901133776,1.0,0.3,1.0,0.7557142857142857,10,100,N/A,N/A,N/A,N/A,N/A,N/A,N/A,N/A,N/A,N/A
401,4,9,8,21,sa,21,9,True,1.0,0.022922499920241535,0.7,0.15,0.99,0.5868205868205868,10,100,N/A,N/A,N/A,N/A,N/A,N/A,N/A,N/A,N/A,N/A
402,4,8,8,21,sa,21,8,True,1.0,0.02298590005375445,0.5,0.07,0.99,0.6060606060606061,10,100,N/A,N/A,N/A,N/A,N/A,N/A,N/A,N/A,N/A,N/A
403,4,7,7,20,sa,20,7,True,1.0,0.021312199998646975,1.0,0.25,1.0,0.717,10,100,N/A,N/A,N/A,N/A,N/A,N/A,N/A,N/A,N/A,N/A
404,4,8,8,21,sa,21,8,True,1.0,0.023061000043526292,0.6,0.09,0.99,0.5699855699855699,10,100,N/A,N/A,N/A,N/A,N/A,N/A,N/A,N/A,N/A,N/A
201,2,5,5,9,qaoa_warmstart,9,5,True,1.0,443.80318789999,0.6,N/A,1.0,0.7666666666666666,10,N/A,434.3508709036978,9.45018149621319,0.1768129566135219,2510,True,0.25,N/A,N/A,N/A,N/A
202,2,6,5,11,qaoa_warmstart,11,6,True,1.0,390.61673590005375,0.9,N/A,1.0,0.9636363636363636,10,N/A,381.55655299895443,9.058024600963108,0.1556230672907856,2510,True,0.25,N/A,N/A,N/A,N/A
203,2,5,5,8,qaoa_warmstart,8,5,True,1.0,418.02891539991833,0.8,N/A,1.0,0.8375,10,N/A,408.8134057983989,9.213373001781292,0.16654434486063183,2510,True,0.25,N/A,N/A,N/A,N/A
204,2,4,5,6,qaoa_warmstart,6,4,True,1.0,477.8416174000595,1.0,N/A,1.0,1.0,10,N/A,468.69143729878124,9.148020401131362,0.19037404996013654,2510,True,0.25,N/A,N/A,N/A,N/A
301,3,5,6,9,qaoa_warmstart,9,5,True,1.0,910.7470307999756,0.4,N/A,1.0,0.9,10,N/A,901.0225009941496,9.722195405745879,0.3628462729880037,2510,True,0.25,N/A,N/A,N/A,N/A
302,3,5,6,9,qaoa_warmstart,9,5,True,1.0,861.3663374999305,0.9,N/A,1.0,0.9888888888888889,10,N/A,851.6813817991642,9.682428500731476,0.34317256043821875,2510,True,0.25,N/A,N/A,N/A,N/A
303,3,5,6,11,qaoa_warmstart,11,5,True,1.0,939.2829014000017,0.9,N/A,1.0,0.9363636363636363,10,N/A,929.6534684005892,9.62712069938425,0.37421506418326156,2510,True,0.25,N/A,N/A,N/A,N/A
304,3,4,6,7,qaoa_warmstart,7,4,True,1.0,824.371165700024,0.7,N/A,1.0,0.9571428571428573,10,N/A,814.6626601997996,9.706179200205952,0.3284335094820838,2510,True,0.25,N/A,N/A,N/A,N/A
401,4,9,8,21,qaoa_warmstart,21,9,True,1.0,4557.771967799985,1.0,N/A,1.0,1.0,10,N/A,4544.26351509802,13.505740701686591,1.815843999362458,2510,True,0.25,N/A,N/A,N/A,N/A
402,4,8,8,21,qaoa_warmstart,21,8,True,1.0,4706.25998219999,0.3,N/A,1.0,0.9,10,N/A,4692.686659399886,13.57065209990833,1.8750025761353624,2510,True,0.25,N/A,N/A,N/A,N/A
403,4,7,7,20,qaoa_warmstart,20,7,True,1.0,1935.8197640000144,0.8,N/A,1.0,0.9650000000000001,10,N/A,1924.2538095021155,11.563425397849642,0.7712416515537663,2510,True,0.25,N/A,N/A,N/A,N/A
404,4,8,8,21,qaoa_warmstart,21,8,True,1.0,4421.201168900006,0.6,N/A,1.0,0.9238095238095239,10,N/A,4407.643194699893,13.555227099801414,1.7614333229879682,2510,True,0.25,N/A,N/A,N/A,N/A
201,2,5,5,9,qaoa,9,5,True,1.0,512.5629112999886,0.9,N/A,1.0,0.9555555555555555,10,N/A,503.06828289991245,9.492469299817458,0.2042072425098752,2510,N/A,N/A,N/A,N/A,N/A,N/A
202,2,6,5,11,qaoa,11,6,True,1.0,441.5412609000923,0.9,N/A,1.0,0.9636363636363636,10,N/A,432.25614129845053,9.282903401763178,0.17591176426299732,2510,N/A,N/A,N/A,N/A,N/A,N/A
203,2,5,5,8,qaoa,8,5,True,1.0,478.31994110008236,1.0,N/A,1.0,1.0,10,N/A,468.94267820345704,9.375037396675907,0.19056454752993945,2510,N/A,N/A,N/A,N/A,N/A,N/A
204,2,4,5,6,qaoa,6,4,True,1.0,547.7422003999818,1.0,N/A,1.0,1.0,10,N/A,538.3410727999872,9.398832299746573,0.2182228440238419,2510,N/A,N/A,N/A,N/A,N/A,N/A
301,3,5,6,9,qaoa,9,5,True,1.0,1001.087253900012,0.9,N/A,1.0,0.9888888888888889,10,N/A,991.0594739996595,10.025338900159113,0.3988383310358133,2510,N/A,N/A,N/A,N/A,N/A,N/A
302,3,5,6,9,qaoa,9,5,True,1.0,958.6195409999928,0.9,N/A,1.0,0.9888888888888889,10,N/A,948.5493147993693,10.067821600474417,0.3819188814341699,2510,N/A,N/A,N/A,N/A,N/A,N/A
303,3,5,6,11,qaoa,11,5,True,1.0,1022.7338811999653,0.9,N/A,1.0,0.990909090909091,10,N/A,1012.6690443999832,10.062258100137115,0.407462343545881,2510,N/A,N/A,N/A,N/A,N/A,N/A
304,3,4,6,7,qaoa,7,4,True,1.0,965.6927312999032,0.8,N/A,1.0,0.9714285714285715,10,N/A,955.5130824997323,10.177178400452249,0.3847368208765687,2510,N/A,N/A,N/A,N/A,N/A,N/A
401,4,9,8,21,qaoa,21,9,True,1.0,5956.839184099925,0.6,N/A,1.0,0.9238095238095239,10,N/A,5942.453111398732,14.383222501142882,2.373241193545797,2510,N/A,N/A,N/A,N/A,N/A,N/A
402,4,8,8,21,qaoa,21,8,True,1.0,5922.870081199915,0.5,N/A,1.0,0.9428571428571428,10,N/A,5908.405818901258,14.46141699864529,2.3597076473704752,2510,N/A,N/A,N/A,N/A,N/A,N/A
403,4,7,7,20,qaoa,20,7,True,1.0,2287.3524475999875,0.8,N/A,1.0,0.97,10,N/A,2275.701476199669,11.648360600345768,0.911294478486038,2510,N/A,N/A,N/A,N/A,N/A,N/A
404,4,8,8,21,qaoa,21,8,True,1.0,5722.53740999999,0.6,N/A,1.0,0.9047619047619048,10,N/A,5708.155371901463,14.379256098414771,2.27989389302786,2510,N/A,N/A,N/A,N/A,N/A,N/A
201,2,5,5,9,sa,9,5,True,1.0,0.017609600094147027,1.0,0.26,1.0,0.5266666666666667,10,100,N/A,N/A,N/A,N/A,N/A,N/A,N/A,N/A,N/A,N/A
202,2,6,5,11,sa,11,6,True,1.0,0.016666999901644886,1.0,0.49,1.0,0.6954545454545454,10,100,N/A,N/A,N/A,N/A,N/A,N/A,N/A,N/A,N/A,N/A
203,2,5,5,8,sa,8,5,True,1.0,0.016673500067554414,1.0,0.46,1.0,0.55375,10,100,N/A,N/A,N/A,N/A,N/A,N/A,N/A,N/A,N/A,N/A
204,2,4,5,6,sa,6,4,True,1.0,0.01624099991749972,1.0,0.5,0.98,0.5102040816326531,10,100,N/A,N/A,N/A,N/A,N/A,N/A,N/A,N/A,N/A,N/A
301,3,5,6,9,sa,9,5,True,1.0,0.018965199938975275,0.9,0.24,1.0,0.5877777777777777,10,100,N/A,N/A,N/A,N/A,N/A,N/A,N/A,N/A,N/A,N/A
302,3,5,6,9,sa,9,5,True,1.0,0.018627600045874715,1.0,0.24,1.0,0.6655555555555556,10,100,N/A,N/A,N/A,N/A,N/A,N/A,N/A,N/A,N/A,N/A
303,3,5,6,11,sa,11,5,True,1.0,0.020073599996976554,1.0,0.24,1.0,0.6454545454545454,10,100,N/A,N/A,N/A,N/A,N/A,N/A,N/A,N/A,N/A,N/A
304,3,4,6,7,sa,7,4,True,1.0,0.02044769993517548,1.0,0.26,1.0,0.7114285714285714,10,100,N/A,N/A,N/A,N/A,N/A,N/A,N/A,N/A,N/A,N/A
401,4,9,8,21,sa,21,9,True,1.0,0.024589399923570454,0.7,0.09,0.98,0.5699708454810496,10,100,N/A,N/A,N/A,N/A,N/A,N/A,N/A,N/A,N/A,N/A
402,4,8,8,21,sa,21,8,True,1.0,0.02359909994993359,0.7,0.11,0.97,0.6057928325969563,10,100,N/A,N/A,N/A,N/A,N/A,N/A,N/A,N/A,N/A,N/A
403,4,7,7,20,sa,20,7,True,1.0,0.021195500041358173,1.0,0.24,1.0,0.7265,10,100,N/A,N/A,N/A,N/A,N/A,N/A,N/A,N/A,N/A,N/A
404,4,8,8,21,sa,21,8,True,1.0,0.022817800054326653,0.9,0.11,0.97,0.6323024054982818,10,100,N/A,N/A,N/A,N/A,N/A,N/A,N/A,N/A,N/A,N/A
501,5,8,9,20,qaoa_warmstart,20,8,True,1.0,9818.302910999977,0.5,N/A,1.0,0.9099999999999999,10,N/A,9799.277494199225,19.022570100729354,3.9116730572510163,2510,True,0.25,N/A,N/A,N/A,N/A
502,5,9,9,23,qaoa_warmstart,23,9,True,1.0,9740.706397400005,0.3,N/A,1.0,0.9,10,N/A,9721.972945502028,18.730460697901435,3.8807578813943704,2510,True,0.25,N/A,N/A,N/A,N/A
503,5,10,9,25,qaoa_warmstart,25,10,True,1.0,9830.76778549992,0.3,N/A,1.0,0.908,10,N/A,9812.341356398654,18.42353710148018,3.9166390490438974,2510,True,0.25,N/A,N/A,N/A,N/A
504,5,10,9,27,qaoa_warmstart,27,10,True,1.0,9745.94287030003,0.4,N/A,1.0,0.9481481481481483,10,N/A,9727.419517502422,18.520353397587314,3.8828442971713275,2510,True,0.25,N/A,N/A,N/A,N/A
501,5,8,9,20,qaoa,20,8,True,1.0,17964.089572000084,0.5,N/A,1.0,0.945,10,N/A,17944.012728101923,20.073929698206484,7.157006362868534,2510,N/A,N/A,N/A,N/A,N/A,N/A
502,5,9,9,23,qaoa,23,9,True,1.0,17485.946977299987,0.4,N/A,1.0,0.8739130434782607,10,N/A,17466.07540620328,19.868453996721655,6.9665111190438145,2510,N/A,N/A,N/A,N/A,N/A,N/A
503,5,10,9,25,qaoa,25,10,True,1.0,18174.19736770005,0.3,N/A,1.0,0.9120000000000001,10,N/A,18154.09639189893,20.097834901185706,7.240714253545868,2510,N/A,N/A,N/A,N/A,N/A,N/A
504,5,10,9,27,qaoa,27,10,True,1.0,17858.293975299923,0.2,N/A,1.0,0.8814814814814813,10,N/A,17838.12377769733,20.167004302726127,7.1148565869322935,2510,N/A,N/A,N/A,N/A,N/A,N/A
501,5,8,9,20,sa,20,8,True,1.0,0.026759599917568266,0.9,0.18,1.0,0.626,10,100,N/A,N/A,N/A,N/A,N/A,N/A,N/A,N/A,N/A,N/A
502,5,9,9,23,sa,23,9,True,1.0,0.026083300006575882,0.4,0.07,0.99,0.6161616161616161,10,100,N/A,N/A,N/A,N/A,N/A,N/A,N/A,N/A,N/A,N/A
503,5,10,9,25,sa,25,10,True,1.0,0.02517659997101873,0.7,0.1,0.99,0.6553535353535354,10,100,N/A,N/A,N/A,N/A,N/A,N/A,N/A,N/A,N/A,N/A
504,5,10,9,27,sa,27,10,True,1.0,0.025985099957324564,0.4,0.07,0.99,0.668163112607557,10,100,N/A,N/A,N/A,N/A,N/A,N/A,N/A,N/A,N/A,N/A
501,5,8,9,20,qaoa_warmstart,20,8,True,1.0,9611.62353760004,0.5,N/A,1.0,0.9349999999999999,10,N/A,9593.654681799933,17.966074400232174,3.82933070414349,2510,True,0.25,N/A,N/A,N/A,N/A
502,5,9,9,23,qaoa_warmstart,23,9,True,1.0,9683.678506199969,0.7,N/A,1.0,0.9869565217391305,10,N/A,9665.78641809721,17.88926530268509,3.858037723864492,2510,True,0.25,N/A,N/A,N/A,N/A
503,5,10,9,25,qaoa_warmstart,25,10,True,1.0,9430.49903409998,0.3,N/A,1.0,0.8919999999999998,10,N/A,9411.700082599535,18.79590520041529,3.7571693316334396,2510,True,0.25,N/A,N/A,N/A,N/A
504,5,10,9,27,qaoa_warmstart,27,10,True,1.0,9313.078124499996,0.1,N/A,1.0,0.9333333333333332,10,N/A,9294.469504498877,18.6055064011598,3.710388072470131,2510,True,0.25,N/A,N/A,N/A,N/A
501,5,8,9,20,qaoa,20,8,True,1.0,18105.890161899966,0.3,N/A,1.0,0.85,10,N/A,18086.32346799865,19.563778901239857,7.213500597290797,2510,N/A,N/A,N/A,N/A,N/A,N/A
502,5,9,9,23,qaoa,23,9,True,1.0,17709.699751900043,0.4,N/A,1.0,0.8956521739130434,10,N/A,17690.279249800253,19.417443999554962,7.0556556659361975,2510,N/A,N/A,N/A,N/A,N/A,N/A
503,5,10,9,25,qaoa,25,10,True,1.0,17733.945362600032,0.3,N/A,1.0,0.884,10,N/A,17714.504726301064,19.43766219879035,7.065315213227048,2510,N/A,N/A,N/A,N/A,N/A,N/A
504,5,10,9,27,qaoa,27,10,True,1.0,17783.7190862,0.3,N/A,1.0,0.9111111111111112,10,N/A,17764.096184700495,19.619747799588367,7.085145368764968,2510,N/A,N/A,N/A,N/A,N/A,N/A
501,5,8,9,20,sa,20,8,True,1.0,0.02695929992478341,0.9,0.23,0.98,0.701530612244898,10,100,N/A,N/A,N/A,N/A,N/A,N/A,N/A,N/A,N/A,N/A
502,5,9,9,23,sa,23,9,True,1.0,0.02704089996404946,0.7,0.08,0.97,0.6077991931869117,10,100,N/A,N/A,N/A,N/A,N/A,N/A,N/A,N/A,N/A,N/A
503,5,10,9,25,sa,25,10,True,1.0,0.028398800059221685,0.4,0.06,1.0,0.6156,10,100,N/A,N/A,N/A,N/A,N/A,N/A,N/A,N/A,N/A,N/A
504,5,10,9,27,sa,27,10,True,1.0,0.025758399977348745,0.3,0.07,0.97,0.6345933562428407,10,100,N/A,N/A,N/A,N/A,N/A,N/A,N/A,N/A,N/A,N/A
501,5,8,9,20,qaoa_warmstart,20,8,True,1.0,9699.046307799988,0.4,N/A,1.0,0.9199999999999999,10,N/A,9680.841823499766,18.20168910000939,3.8641604901991315,2510,True,0.25,N/A,N/A,N/A,N/A
502,5,9,9,23,qaoa_warmstart,23,9,True,1.0,9625.934303899994,0.6,N/A,1.0,0.9347826086956521,10,N/A,9607.207215899834,18.724003699724562,3.8350320394819257,2510,True,0.25,N/A,N/A,N/A,N/A
503,5,10,9,25,qaoa_warmstart,25,10,True,1.0,9478.70970170002,0.3,N/A,1.0,0.9119999999999999,10,N/A,9459.834487499553,18.872241800650954,3.77637698254984,2510,True,0.25,N/A,N/A,N/A,N/A
504,5,10,9,27,qaoa_warmstart,27,10,True,1.0,9719.932378699887,0.3,N/A,1.0,0.9407407407407407,10,N/A,9701.624810898094,18.304614001885056,3.8724813694422378,2510,True,0.25,N/A,N/A,N/A,N/A
501,5,8,9,20,qaoa,20,8,True,1.0,17347.425375799998,0.4,N/A,1.0,0.9400000000000001,10,N/A,17327.595333198668,19.82713160093408,6.911323418724954,2510,N/A,N/A,N/A,N/A,N/A,N/A
502,5,9,9,23,qaoa,23,9,True,1.0,17885.167254299973,0.3,N/A,1.0,0.9217391304347826,10,N/A,17865.658601699746,19.505661600269377,7.125563037251002,2510,N/A,N/A,N/A,N/A,N/A,N/A
503,5,10,9,25,qaoa,25,10,True,1.0,17582.902524899924,0.5,N/A,1.0,0.9360000000000002,10,N/A,17563.018186799018,19.881124801235273,7.005138671792954,2510,N/A,N/A,N/A,N/A,N/A,N/A
504,5,10,9,27,qaoa,27,10,True,1.0,17902.293061300064,0.3,N/A,1.0,0.9037037037037037,10,N/A,17882.472554001026,19.817419999279082,7.132386022071824,2510,N/A,N/A,N/A,N/A,N/A,N/A
501,5,8,9,20,sa,20,8,True,1.0,0.027001700014807284,0.9,0.23,0.99,0.694949494949495,10,100,N/A,N/A,N/A,N/A,N/A,N/A,N/A,N/A,N/A,N/A
502,5,9,9,23,sa,23,9,True,1.0,0.025836899993009865,0.5,0.09,0.97,0.6418646346929628,10,100,N/A,N/A,N/A,N/A,N/A,N/A,N/A,N/A,N/A,N/A
503,5,10,9,25,sa,25,10,True,1.0,0.025728799984790385,0.3,0.03,0.98,0.6097959183673469,10,100,N/A,N/A,N/A,N/A,N/A,N/A,N/A,N/A,N/A,N/A
504,5,10,9,27,sa,27,10,True,1.0,0.02499609999358654,0.4,0.05,0.99,0.6019453797231575,10,100,N/A,N/A,N/A,N/A,N/A,N/A,N/A,N/A,N/A,N/A
501,5,8,9,20,qaoa_warmstart,20,8,True,1.0,9543.372843699995,0.5,N/A,1.0,0.945,10,N/A,9525.515802099253,17.854320700629614,3.8021392281672757,2510,True,0.25,N/A,N/A,N/A,N/A
502,5,9,9,23,qaoa_warmstart,23,9,True,1.0,9537.976079500047,0.3,N/A,1.0,0.9,10,N/A,9519.691005499102,18.282067600870505,3.799988978525876,2510,True,0.25,N/A,N/A,N/A,N/A
503,5,10,9,25,qaoa_warmstart,25,10,True,1.0,9550.137684400077,0.1,N/A,1.0,0.868,10,N/A,9531.943290802417,18.191477197455242,3.8048342410756084,2510,True,0.25,N/A,N/A,N/A,N/A
504,5,10,9,27,qaoa_warmstart,27,10,True,1.0,9497.520131899975,0.4,N/A,1.0,0.9111111111111111,10,N/A,9478.778460398782,18.738648901693523,3.7838710567332337,2510,True,0.25,N/A,N/A,N/A,N/A
201,2,5,5,9,sqa,9,5,True,1.0,0.29187939991243184,0.5,0.5,1.0,0.7222222222222222,10,100,N/A,N/A,N/A,N/A,N/A,N/A,10,1.0,10,1000
202,2,6,5,11,sqa,11,6,True,1.0,0.3322986999992281,1.0,1.0,1.0,1.0,10,100,N/A,N/A,N/A,N/A,N/A,N/A,10,1.0,10,1000
203,2,5,5,8,sqa,8,5,True,1.0,0.2670229999348521,0.5,0.5,1.0,0.6125,10,100,N/A,N/A,N/A,N/A,N/A,N/A,10,1.0,10,1000
204,2,4,5,6,sqa,6,4,True,1.0,0.30351799994241446,0.8,0.8,1.0,0.8,10,100,N/A,N/A,N/A,N/A,N/A,N/A,10,1.0,10,1000
301,3,5,6,9,sqa,9,5,True,1.0,0.2725452999584377,0.2,0.2,1.0,0.7666666666666666,10,100,N/A,N/A,N/A,N/A,N/A,N/A,10,1.0,10,1000
302,3,5,6,9,sqa,9,5,True,1.0,0.28393230005167425,0.5,0.5,1.0,0.9111111111111111,10,100,N/A,N/A,N/A,N/A,N/A,N/A,10,1.0,10,1000
303,3,5,6,11,sqa,11,5,True,1.0,0.28118609997909516,0.7,0.7,1.0,0.9454545454545454,10,100,N/A,N/A,N/A,N/A,N/A,N/A,10,1.0,10,1000
304,3,4,6,7,sqa,7,4,True,1.0,0.28774510009679943,0.7,0.7,1.0,0.9571428571428571,10,100,N/A,N/A,N/A,N/A,N/A,N/A,10,1.0,10,1000
401,4,9,8,21,sqa,21,9,True,1.0,0.3327956999419257,0.2,0.2,1.0,0.780952380952381,10,100,N/A,N/A,N/A,N/A,N/A,N/A,10,1.0,10,1000
402,4,8,8,21,sqa,21,8,True,1.0,0.2924639000557363,0.3,0.3,1.0,0.7761904761904762,10,100,N/A,N/A,N/A,N/A,N/A,N/A,10,1.0,10,1000
403,4,7,7,20,sqa,20,7,True,1.0,0.3017989000072703,0.8,0.8,1.0,0.97,10,100,N/A,N/A,N/A,N/A,N/A,N/A,10,1.0,10,1000
404,4,8,8,21,sqa,21,8,True,1.0,0.3090602000011131,0.4,0.4,1.0,0.8476190476190476,10,100,N/A,N/A,N/A,N/A,N/A,N/A,10,1.0,10,1000
501,5,8,9,20,sqa,20,8,True,1.0,0.31331929995212704,0.4,0.4,1.0,0.9,10,100,N/A,N/A,N/A,N/A,N/A,N/A,10,1.0,10,1000
502,5,9,9,23,sqa,23,9,True,1.0,0.32544589997269213,0.4,0.4,1.0,0.8956521739130435,10,100,N/A,N/A,N/A,N/A,N/A,N/A,10,1.0,10,1000
503,5,10,9,25,sqa,25,10,True,1.0,0.31845529994461685,0.4,0.4,1.0,0.836,10,100,N/A,N/A,N/A,N/A,N/A,N/A,10,1.0,10,1000
504,5,10,9,27,sqa,27,10,True,1.0,0.3193928999826312,0.2,0.2,1.0,0.7703703703703704,10,100,N/A,N/A,N/A,N/A,N/A,N/A,10,1.0,10,1000
201,2,5,5,9,sqa,9,5,True,1.0,0.29221740004140884,0.5,0.5,1.0,0.7222222222222222,10,100,N/A,N/A,N/A,N/A,N/A,N/A,10,1.0,10,1000
202,2,6,5,11,sqa,11,6,True,1.0,0.27624649996869266,1.0,1.0,1.0,1.0,10,100,N/A,N/A,N/A,N/A,N/A,N/A,10,1.0,10,1000
203,2,5,5,8,sqa,8,5,True,1.0,0.26768609997816384,0.5,0.5,1.0,0.6125,10,100,N/A,N/A,N/A,N/A,N/A,N/A,10,1.0,10,1000
204,2,4,5,6,sqa,6,4,True,1.0,0.29861109994817525,0.8,0.8,1.0,0.8,10,100,N/A,N/A,N/A,N/A,N/A,N/A,10,1.0,10,1000
301,3,5,6,9,sqa,9,5,True,1.0,0.2857958000386134,0.2,0.2,1.0,0.7666666666666666,10,100,N/A,N/A,N/A,N/A,N/A,N/A,10,1.0,10,1000
302,3,5,6,9,sqa,9,5,True,1.0,0.2787733000004664,0.5,0.5,1.0,0.9111111111111111,10,100,N/A,N/A,N/A,N/A,N/A,N/A,10,1.0,10,1000
303,3,5,6,11,sqa,11,5,True,1.0,0.28654100000858307,0.7,0.7,1.0,0.9454545454545454,10,100,N/A,N/A,N/A,N/A,N/A,N/A,10,1.0,10,1000
304,3,4,6,7,sqa,7,4,True,1.0,0.27894040010869503,0.7,0.7,1.0,0.9571428571428571,10,100,N/A,N/A,N/A,N/A,N/A,N/A,10,1.0,10,1000
401,4,9,8,21,sqa,21,9,True,1.0,0.31066839990671724,0.2,0.2,1.0,0.780952380952381,10,100,N/A,N/A,N/A,N/A,N/A,N/A,10,1.0,10,1000
402,4,8,8,21,sqa,21,8,True,1.0,0.3042092000832781,0.3,0.3,1.0,0.7761904761904762,10,100,N/A,N/A,N/A,N/A,N/A,N/A,10,1.0,10,1000
403,4,7,7,20,sqa,20,7,True,1.0,0.2828828999772668,0.8,0.8,1.0,0.97,10,100,N/A,N/A,N/A,N/A,N/A,N/A,10,1.0,10,1000
404,4,8,8,21,sqa,21,8,True,1.0,0.3114593999926001,0.4,0.4,1.0,0.8476190476190476,10,100,N/A,N/A,N/A,N/A,N/A,N/A,10,1.0,10,1000
501,5,8,9,20,sqa,20,8,True,1.0,0.3092707000905648,0.4,0.4,1.0,0.9,10,100,N/A,N/A,N/A,N/A,N/A,N/A,10,1.0,10,1000
502,5,9,9,23,sqa,23,9,True,1.0,0.3198227999964729,0.4,0.4,1.0,0.8956521739130435,10,100,N/A,N/A,N/A,N/A,N/A,N/A,10,1.0,10,1000
503,5,10,9,25,sqa,25,10,True,1.0,0.32180649996735156,0.4,0.4,1.0,0.836,10,100,N/A,N/A,N/A,N/A,N/A,N/A,10,1.0,10,1000
504,5,10,9,27,sqa,27,10,True,1.0,0.3161058999830857,0.2,0.2,1.0,0.7703703703703704,10,100,N/A,N/A,N/A,N/A,N/A,N/A,10,1.0,10,1000
201,2,5,5,9,sqa,9,5,True,1.0,0.28882290003821254,0.5,0.5,1.0,0.7222222222222222,10,100,N/A,N/A,N/A,N/A,N/A,N/A,10,1.0,10,1000
202,2,6,5,11,sqa,11,6,True,1.0,0.28059089998714626,1.0,1.0,1.0,1.0,10,100,N/A,N/A,N/A,N/A,N/A,N/A,10,1.0,10,1000
203,2,5,5,8,sqa,8,5,True,1.0,0.26659169991035014,0.5,0.5,1.0,0.6125,10,100,N/A,N/A,N/A,N/A,N/A,N/A,10,1.0,10,1000
204,2,4,5,6,sqa,6,4,True,1.0,0.2676203000592068,0.8,0.8,1.0,0.8,10,100,N/A,N/A,N/A,N/A,N/A,N/A,10,1.0,10,1000
301,3,5,6,9,sqa,9,5,True,1.0,0.28288790001533926,0.2,0.2,1.0,0.7666666666666666,10,100,N/A,N/A,N/A,N/A,N/A,N/A,10,1.0,10,1000
302,3,5,6,9,sqa,9,5,True,1.0,0.27683029999025166,0.5,0.5,1.0,0.9111111111111111,10,100,N/A,N/A,N/A,N/A,N/A,N/A,10,1.0,10,1000
303,3,5,6,11,sqa,11,5,True,1.0,0.28480739996302873,0.7,0.7,1.0,0.9454545454545454,10,100,N/A,N/A,N/A,N/A,N/A,N/A,10,1.0,10,1000
304,3,4,6,7,sqa,7,4,True,1.0,0.3107955999439582,0.7,0.7,1.0,0.9571428571428571,10,100,N/A,N/A,N/A,N/A,N/A,N/A,10,1.0,10,1000
401,4,9,8,21,sqa,21,9,True,1.0,0.3102228998905048,0.2,0.2,1.0,0.780952380952381,10,100,N/A,N/A,N/A,N/A,N/A,N/A,10,1.0,10,1000
402,4,8,8,21,sqa,21,8,True,1.0,0.2959839999675751,0.3,0.3,1.0,0.7761904761904762,10,100,N/A,N/A,N/A,N/A,N/A,N/A,10,1.0,10,1000
403,4,7,7,20,sqa,20,7,True,1.0,0.28854959993623197,0.8,0.8,1.0,0.97,10,100,N/A,N/A,N/A,N/A,N/A,N/A,10,1.0,10,1000
404,4,8,8,21,sqa,21,8,True,1.0,0.30658540001604706,0.4,0.4,1.0,0.8476190476190476,10,100,N/A,N/A,N/A,N/A,N/A,N/A,10,1.0,10,1000
501,5,8,9,20,sqa,20,8,True,1.0,0.3205914000282064,0.4,0.4,1.0,0.9,10,100,N/A,N/A,N/A,N/A,N/A,N/A,10,1.0,10,1000
502,5,9,9,23,sqa,23,9,True,1.0,0.327000500052236,0.4,0.4,1.0,0.8956521739130435,10,100,N/A,N/A,N/A,N/A,N/A,N/A,10,1.0,10,1000
503,5,10,9,25,sqa,25,10,True,1.0,0.3327500999439508,0.4,0.4,1.0,0.836,10,100,N/A,N/A,N/A,N/A,N/A,N/A,10,1.0,10,1000
504,5,10,9,27,sqa,27,10,True,1.0,0.3232548999367282,0.2,0.2,1.0,0.7703703703703704,10,100,N/A,N/A,N/A,N/A,N/A,N/A,10,1.0,10,1000
201,2,5,5,9,sqa,9,5,True,1.0,0.28999750001821667,0.5,0.5,1.0,0.7222222222222222,10,100,N/A,N/A,N/A,N/A,N/A,N/A,10,1.0,10,1000
202,2,6,5,11,sqa,11,6,True,1.0,0.28471389994956553,1.0,1.0,1.0,1.0,10,100,N/A,N/A,N/A,N/A,N/A,N/A,10,1.0,10,1000
203,2,5,5,8,sqa,8,5,True,1.0,0.2716144999722019,0.5,0.5,1.0,0.6125,10,100,N/A,N/A,N/A,N/A,N/A,N/A,10,1.0,10,1000
204,2,4,5,6,sqa,6,4,True,1.0,0.26473169995006174,0.8,0.8,1.0,0.8,10,100,N/A,N/A,N/A,N/A,N/A,N/A,10,1.0,10,1000
301,3,5,6,9,sqa,9,5,True,1.0,0.29088989994488657,0.2,0.2,1.0,0.7666666666666666,10,100,N/A,N/A,N/A,N/A,N/A,N/A,10,1.0,10,1000
302,3,5,6,9,sqa,9,5,True,1.0,0.28091490000952035,0.5,0.5,1.0,0.9111111111111111,10,100,N/A,N/A,N/A,N/A,N/A,N/A,10,1.0,10,1000
303,3,5,6,11,sqa,11,5,True,1.0,0.292113000061363,0.7,0.7,1.0,0.9454545454545454,10,100,N/A,N/A,N/A,N/A,N/A,N/A,10,1.0,10,1000
304,3,4,6,7,sqa,7,4,True,1.0,0.28849019994959235,0.7,0.7,1.0,0.9571428571428571,10,100,N/A,N/A,N/A,N/A,N/A,N/A,10,1.0,10,1000
401,4,9,8,21,sqa,21,9,True,1.0,0.3229991999687627,0.2,0.2,1.0,0.780952380952381,10,100,N/A,N/A,N/A,N/A,N/A,N/A,10,1.0,10,1000
402,4,8,8,21,sqa,21,8,True,1.0,0.3436898000072688,0.3,0.3,1.0,0.7761904761904762,10,100,N/A,N/A,N/A,N/A,N/A,N/A,10,1.0,10,1000
403,4,7,7,20,sqa,20,7,True,1.0,0.2959248999832198,0.8,0.8,1.0,0.97,10,100,N/A,N/A,N/A,N/A,N/A,N/A,10,1.0,10,1000
404,4,8,8,21,sqa,21,8,True,1.0,0.3204492999939248,0.4,0.4,1.0,0.8476190476190476,10,100,N/A,N/A,N/A,N/A,N/A,N/A,10,1.0,10,1000
501,5,8,9,20,sqa,20,8,True,1.0,0.34410480002406985,0.4,0.4,1.0,0.9,10,100,N/A,N/A,N/A,N/A,N/A,N/A,10,1.0,10,1000
502,5,9,9,23,sqa,23,9,True,1.0,0.36021870002150536,0.4,0.4,1.0,0.8956521739130435,10,100,N/A,N/A,N/A,N/A,N/A,N/A,10,1.0,10,1000
503,5,10,9,25,sqa,25,10,True,1.0,0.34520470001734793,0.4,0.4,1.0,0.836,10,100,N/A,N/A,N/A,N/A,N/A,N/A,10,1.0,10,1000
504,5,10,9,27,sqa,27,10,True,1.0,0.33735199994407594,0.2,0.2,1.0,0.7703703703703704,10,100,N/A,N/A,N/A,N/A,N/A,N/A,10,1.0,10,1000
201,2,5,5,9,sqa,9,5,True,1.0,0.31994000007398427,0.5,0.5,1.0,0.7222222222222222,10,100,N/A,N/A,N/A,N/A,N/A,N/A,10,1.0,10,1000
202,2,6,5,11,sqa,11,6,True,1.0,0.2817069999873638,1.0,1.0,1.0,1.0,10,100,N/A,N/A,N/A,N/A,N/A,N/A,10,1.0,10,1000
203,2,5,5,8,sqa,8,5,True,1.0,0.2786221000133082,0.5,0.5,1.0,0.6125,10,100,N/A,N/A,N/A,N/A,N/A,N/A,10,1.0,10,1000
204,2,4,5,6,sqa,6,4,True,1.0,0.2719330999534577,0.8,0.8,1.0,0.8,10,100,N/A,N/A,N/A,N/A,N/A,N/A,10,1.0,10,1000
301,3,5,6,9,sqa,9,5,True,1.0,0.303839199943468,0.2,0.2,1.0,0.7666666666666666,10,100,N/A,N/A,N/A,N/A,N/A,N/A,10,1.0,10,1000
302,3,5,6,9,sqa,9,5,True,1.0,0.2907940000295639,0.5,0.5,1.0,0.9111111111111111,10,100,N/A,N/A,N/A,N/A,N/A,N/A,10,1.0,10,1000
303,3,5,6,11,sqa,11,5,True,1.0,0.2976085999980569,0.7,0.7,1.0,0.9454545454545454,10,100,N/A,N/A,N/A,N/A,N/A,N/A,10,1.0,10,1000
304,3,4,6,7,sqa,7,4,True,1.0,0.2873628999805078,0.7,0.7,1.0,0.9571428571428571,10,100,N/A,N/A,N/A,N/A,N/A,N/A,10,1.0,10,1000
401,4,9,8,21,sqa,21,9,True,1.0,0.31868370005395263,0.2,0.2,1.0,0.780952380952381,10,100,N/A,N/A,N/A,N/A,N/A,N/A,10,1.0,10,1000
402,4,8,8,21,sqa,21,8,True,1.0,0.31450740003492683,0.3,0.3,1.0,0.7761904761904762,10,100,N/A,N/A,N/A,N/A,N/A,N/A,10,1.0,10,1000
403,4,7,7,20,sqa,20,7,True,1.0,0.3014453999930993,0.8,0.8,1.0,0.97,10,100,N/A,N/A,N/A,N/A,N/A,N/A,10,1.0,10,1000
404,4,8,8,21,sqa,21,8,True,1.0,0.31819140003062785,0.4,0.4,1.0,0.8476190476190476,10,100,N/A,N/A,N/A,N/A,N/A,N/A,10,1.0,10,1000
501,5,8,9,20,sqa,20,8,True,1.0,0.33955850009806454,0.4,0.4,1.0,0.9,10,100,N/A,N/A,N/A,N/A,N/A,N/A,10,1.0,10,1000
502,5,9,9,23,sqa,23,9,True,1.0,0.3393350000260398,0.4,0.4,1.0,0.8956521739130435,10,100,N/A,N/A,N/A,N/A,N/A,N/A,10,1.0,10,1000
503,5,10,9,25,sqa,25,10,True,1.0,0.34280260000377893,0.4,0.4,1.0,0.836,10,100,N/A,N/A,N/A,N/A,N/A,N/A,10,1.0,10,1000
504,5,10,9,27,sqa,27,10,True,1.0,0.34387290000449866,0.2,0.2,1.0,0.7703703703703704,10,100,N/A,N/A,N/A,N/A,N/A,N/A,10,1.0,10,1000
501,5,8,9,20,sa,20,8,True,1.0,0.03079110011458397,0.8,0.16,0.98,0.613265306122449,10,100,N/A,N/A,N/A,N/A,N/A,N/A,N/A,N/A,N/A,N/A
502,5,9,9,23,sa,23,9,True,1.0,0.02924720011651516,0.6,0.08,0.98,0.6149068322981367,10,100,N/A,N/A,N/A,N/A,N/A,N/A,N/A,N/A,N/A,N/A
503,5,10,9,25,sa,25,10,True,1.0,0.026931599946692586,0.5,0.07,0.98,0.5808163265306122,10,100,N/A,N/A,N/A,N/A,N/A,N/A,N/A,N/A,N/A,N/A
504,5,10,9,27,sa,27,10,True,1.0,0.02700949995778501,0.5,0.08,0.98,0.5816326530612245,10,100,N/A,N/A,N/A,N/A,N/A,N/A,N/A,N/A,N/A,N/A
501,5,8,9,20,qaoa_warmstart,20,8,True,1.0,10449.631617899984,0.6,N/A,1.0,0.9400000000000001,10,N/A,10430.45848029782,19.17028540209867,4.16319847386451,2510,True,0.25,N/A,N/A,N/A,N/A
502,5,9,9,23,qaoa_warmstart,23,9,True,1.0,10219.307420500088,0.5,N/A,1.0,0.9391304347826088,10,N/A,10200.300528900465,19.00389099912718,4.071435656214961,2510,True,0.25,N/A,N/A,N/A,N/A
503,5,10,9,25,qaoa_warmstart,25,10,True,1.0,10213.015446599806,0.4,N/A,1.0,0.916,10,N/A,10193.5162724962,19.496126604033634,4.068928997490214,2510,True,0.25,N/A,N/A,N/A,N/A
504,5,10,9,27,qaoa_warmstart,27,10,True,1.0,10313.989958800143,0.3,N/A,1.0,0.9407407407407409,10,N/A,10294.186086696107,19.80072690383531,4.109157730916244,2510,True,0.25,N/A,N/A,N/A,N/A
501,5,8,9,20,qaoa,20,8,True,1.0,18244.188385999994,0.4,N/A,1.0,0.885,10,N/A,18223.608030198142,20.577272202121094,7.268599467370585,2510,N/A,N/A,N/A,N/A,N/A,N/A
502,5,9,9,23,qaoa,23,9,True,1.0,17994.16781309992,0.6,N/A,1.0,0.9347826086956521,10,N/A,17973.527270201826,20.637148498091847,7.168989508525854,2510,N/A,N/A,N/A,N/A,N/A,N/A
503,5,10,9,25,qaoa,25,10,True,1.0,18664.434781800024,0.4,N/A,1.0,0.892,10,N/A,18643.631325501017,20.800150499213487,7.43602811294836,2510,N/A,N/A,N/A,N/A,N/A,N/A
504,5,10,9,27,qaoa,27,10,True,1.0,18337.111161899986,0.6,N/A,1.0,0.9185185185185185,10,N/A,18316.315075099934,20.792925299610943,7.305620271553642,2510,N/A,N/A,N/A,N/A,N/A,N/A
501,5,8,9,20,qaoa,20,8,True,1.0,18254.29449830018,0.3,N/A,1.0,0.9,10,N/A,18233.475371602224,20.81608179747127,7.27262582450185,2510,N/A,N/A,N/A,N/A,N/A,N/A
