id,num_filas,num_columnas,tamano_matriz,num_variables_qubo,optimo,coste_total,violacion,factible,coincide,ratio_optimo,brecha_optimo,desviacion_relativa_optimo,prob_optimo,ratio_optimo_medio,tiempo_total,t_solver,t_cuantico,t_clasico,pct_tiempo_solver_sobre_total,pct_tiempo_cuantico_sobre_solver,pct_tiempo_clasico_sobre_solver,tiempo_medio_iter,tiempo_por_eval,total_evals,num_factibles_qaoa,prob_optimo_muestras,prob_optimo_starts,tasa_factibilidad,ratio_medio_factibles,coste_medio_start,std_coste_start,tiempo_medio_start,total_muestras,starts,reads_por_start,muestras_esperadas,penalizacion,metodo,warmstart,epsilon_warmstart
201,2,2,2x2,5,9,9,0,True,True,1.0,0,0.0,0.8,0.9111111111111112,436.2138796999934,436.21171590016456,426.7257893991191,9.48592650104547,0.999995039589684,0.9782538474890105,0.0217461525109896,0.1389324126800056,0.1737893061355253,2510.0,10.0,N/A,N/A,N/A,N/A,N/A,N/A,N/A,N/A,10,N/A,N/A,N/A,qaoa_warmstart,True,0.25
202,2,2,2x2,5,11,11,0,True,True,1.0,0,0.0,1.0,1.0,386.3198295999901,386.3176477000234,377.0347394996206,9.282908200402744,0.9999943520891252,0.9759707891791396,0.0240292108208604,0.1234241089599672,0.1539111556573882,2510.0,10.0,N/A,N/A,N/A,N/A,N/A,N/A,N/A,N/A,10,N/A,N/A,N/A,qaoa_warmstart,True,0.25
203,2,2,2x2,5,8,8,0,True,True,1.0,0,0.0,0.7,0.8125,413.0036687999964,413.00144770002225,403.6093222005875,9.39212549943477,0.9999946220817346,0.9772588557455696,0.0227411442544303,0.1319268903600284,0.1645421261354664,2510.0,10.0,N/A,N/A,N/A,N/A,N/A,N/A,N/A,N/A,10,N/A,N/A,N/A,qaoa_warmstart,True,0.25
204,2,2,2x2,5,6,6,0,True,True,1.0,0,0.0,1.0,1.0,471.0047305999906,471.0022344000172,461.6840283985366,9.318206001480576,0.9999947002656,0.9802162169923664,0.0197837830076337,0.1500431536800228,0.1876500527490166,2510.0,10.0,N/A,N/A,N/A,N/A,N/A,N/A,N/A,N/A,10,N/A,N/A,N/A,qaoa_warmstart,True,0.25
301,3,3,3x3,6,9,9,0,True,True,1.0,0,0.0,0.8,0.977777777777778,906.0691477000364,906.0668557001044,896.2668843986467,9.799971301457845,0.9999974703918152,0.9891840527662988,0.0108159472337011,0.2897105666799936,0.3609824868526209,2510.0,10.0,N/A,N/A,N/A,N/A,N/A,N/A,N/A,N/A,10,N/A,N/A,N/A,qaoa_warmstart,True,0.25
302,3,3,3x3,6,9,9,0,True,True,1.0,0,0.0,0.7,0.9444444444444446,871.0455317999586,871.0431413999759,861.2563839997747,9.786757400201168,0.9999972557117908,0.9887643252841972,0.0112356747158028,0.2786608906400157,0.3470288278486076,2510.0,10.0,N/A,N/A,N/A,N/A,N/A,N/A,N/A,N/A,10,N/A,N/A,N/A,qaoa_warmstart,True,0.25
303,3,3,3x3,6,11,11,0,True,True,1.0,0,0.0,1.0,1.0,954.4066226999856,954.404304100084,944.7554320001508,9.648872099933214,0.9999975706372456,0.9898901628392892,0.0101098371607106,0.305736462279968,0.3802404395617921,2510.0,10.0,N/A,N/A,N/A,N/A,N/A,N/A,N/A,N/A,10,N/A,N/A,N/A,qaoa_warmstart,True,0.25
304,3,3,3x3,6,7,7,0,True,True,1.0,0,0.0,0.8,0.9714285714285716,820.8595110999886,820.8571998999687,811.1593917004066,9.697808199562132,0.9999971844146428,0.9881857548417144,0.0118142451582856,0.2622564419200178,0.3270344199203196,2510.0,10.0,N/A,N/A,N/A,N/A,N/A,N/A,N/A,N/A,10,N/A,N/A,N/A,qaoa_warmstart,True,0.25
401,4,4,4x4,8,21,21,0,True,True,1.0,0,0.0,0.9,0.9952380952380953,4548.952771899989,4548.950176600134,4535.437533999851,13.51264260028256,0.999999429473115,0.997029503055498,0.002970496944502,1.4542919114399937,1.8123304058167808,2510.0,10.0,N/A,N/A,N/A,N/A,N/A,N/A,N/A,N/A,10,N/A,N/A,N/A,qaoa_warmstart,True,0.25
402,4,4,4x4,8,21,21,0,True,True,1.0,0,0.0,0.3,0.8904761904761903,4586.9031838999945,4586.900454399933,4573.454047699401,13.446406700531952,0.999999404936195,0.997068520053093,0.0029314799469069,1.4658495024400064,1.8274499761354384,2510.0,10.0,N/A,N/A,N/A,N/A,N/A,N/A,N/A,N/A,10,N/A,N/A,N/A,qaoa_warmstart,True,0.25
403,4,4,4x4,7,20,20,0,True,True,1.0,0,0.0,0.7,0.95,1970.64776610001,1970.6452207999537,1959.716516800283,10.928703999670688,0.9999987083942145,0.994454250879702,0.0055457491202979,0.629694404559955,0.7851172349402269,2510.0,10.0,N/A,N/A,N/A,N/A,N/A,N/A,N/A,N/A,10,N/A,N/A,N/A,qaoa_warmstart,True,0.25
404,4,4,4x4,8,21,21,0,True,True,1.0,0,0.0,0.8,0.9761904761904764,4428.323246499989,4428.32059580012,4414.549384499842,13.771211300278082,0.9999994014213232,0.9968901955036096,0.0031098044963905,1.4148759031199851,1.764270840398457,2510.0,10.0,N/A,N/A,N/A,N/A,N/A,N/A,N/A,N/A,10,N/A,N/A,N/A,qaoa_warmstart,True,0.25
201,2,2,2x2,5,9,9,0,True,True,1.0,0,0.0,1.0,1.0,495.4777771999943,495.4755571002024,486.31022590072826,9.165331199474169,0.9999955192747404,0.9815019508669311,0.0184980491330687,0.1583654675599886,0.1974003952988877,2510.0,10.0,N/A,N/A,N/A,N/A,N/A,N/A,N/A,N/A,10,N/A,N/A,N/A,qaoa,N/A,N/A
202,2,2,2x2,5,11,11,0,True,True,1.0,0,0.0,1.0,1.0,442.4991238999646,442.4969103999319,433.5614371004631,8.935473299468867,0.9999949977301352,0.9798066990086034,0.0201933009913965,0.1412659973199945,0.1762933688446048,2510.0,10.0,N/A,N/A,N/A,N/A,N/A,N/A,N/A,N/A,10,N/A,N/A,N/A,qaoa,N/A,N/A
203,2,2,2x2,5,8,8,0,True,True,1.0,0,0.0,0.9,0.9375,457.75528490002034,457.7530606999644,448.7957718995167,8.957288800447714,0.9999951410718144,0.9804320504449476,0.0195679495550523,0.1454236564800376,0.1823714392031524,2510.0,10.0,N/A,N/A,N/A,N/A,N/A,N/A,N/A,N/A,10,N/A,N/A,N/A,qaoa,N/A,N/A
204,2,2,2x2,5,6,6,0,True,True,1.0,0,0.0,1.0,1.0,518.5867098000017,518.584486000007,509.6986440999899,8.885841900017112,0.9999957118068152,0.982865199133595,0.017134800866405,0.1647087672400753,0.2066070788047848,2510.0,10.0,N/A,N/A,N/A,N/A,N/A,N/A,N/A,N/A,10,N/A,N/A,N/A,qaoa,N/A,N/A
301,3,3,3x3,6,9,9,0,True,True,1.0,0,0.0,0.7,0.9666666666666668,1039.0253155999817,1039.0229195999564,1029.257743000344,9.76517659961246,0.9999976939926396,0.9906015772940098,0.0093984227059902,0.3338699153200257,0.4139530175697128,2510.0,10.0,N/A,N/A,N/A,N/A,N/A,N/A,N/A,N/A,10,N/A,N/A,N/A,qaoa,N/A,N/A
302,3,3,3x3,6,9,9,0,True,True,1.0,0,0.0,0.9,0.9888888888888888,984.0380991999992,984.035741699976,974.008909000724,10.026832699251829,0.9999976042594032,0.9898104994825392,0.0101895005174608,0.315302215200034,0.3920457816732847,2510.0,10.0,N/A,N/A,N/A,N/A,N/A,N/A,N/A,N/A,10,N/A,N/A,N/A,qaoa,N/A,N/A
303,3,3,3x3,6,11,11,0,True,True,1.0,0,0.0,0.7,0.9727272727272728,1046.4265931000118,1046.4241536000045,1036.4946229992784,9.92953060072614,0.999997668732787,0.9905109887166064,0.0094890112833936,0.3340121875599958,0.4169017183266958,2510.0,10.0,N/A,N/A,N/A,N/A,N/A,N/A,N/A,N/A,10,N/A,N/A,N/A,qaoa,N/A,N/A
304,3,3,3x3,6,7,7,0,True,True,1.0,0,0.0,0.9,0.9857142857142858,925.8169661000138,925.8145675000268,915.9217889005668,9.892778599460144,0.9999974092071384,0.98931451400017,0.0106854859998299,0.2955656598399626,0.3688502110757,2510.0,10.0,N/A,N/A,N/A,N/A,N/A,N/A,N/A,N/A,10,N/A,N/A,N/A,qaoa,N/A,N/A
401,4,4,4x4,8,21,21,0,True,True,1.0,0,0.0,0.7,0.9095238095238096,5851.588026200014,5851.585157099937,5837.208965400816,14.376191699120682,0.999999509688641,0.9975431970460726,0.0024568029539273,1.867026211120002,2.3313084623904157,2510.0,10.0,N/A,N/A,N/A,N/A,N/A,N/A,N/A,N/A,10,N/A,N/A,N/A,qaoa,N/A,N/A
402,4,4,4x4,8,21,21,0,True,True,1.0,0,0.0,0.5,0.9428571428571428,5899.081757500011,5899.078871500038,5884.65113499877,14.427736501267646,0.9999995107713214,0.9975542390912976,0.0024457609087024,1.8826274816399673,2.3502303181673434,2510.0,10.0,N/A,N/A,N/A,N/A,N/A,N/A,N/A,N/A,10,N/A,N/A,N/A,qaoa,N/A,N/A
403,4,4,4x4,7,20,20,0,True,True,1.0,0,0.0,0.9,0.98,2273.48853219999,2273.4859251999296,2261.892182601616,11.593742598313838,0.999998853304064,0.9949004555208344,0.0050995444791655,0.7266548926799791,0.9057709358167136,2510.0,10.0,N/A,N/A,N/A,N/A,N/A,N/A,N/A,N/A,10,N/A,N/A,N/A,qaoa,N/A,N/A
404,4,4,4x4,8,21,21,0,True,True,1.0,0,0.0,0.6,0.9333333333333332,5682.556783700013,5682.5539591001,5668.1591805997305,14.394778500369284,0.9999995029350308,0.997466847019144,0.0025331529808559,1.8089166892000008,2.2639653623506217,2510.0,10.0,N/A,N/A,N/A,N/A,N/A,N/A,N/A,N/A,10,N/A,N/A,N/A,qaoa,N/A,N/A
201,2,2,2x2,5,9,9,0,True,True,1.0,0,0.0,N/A,N/A,0.0190591000136919,N/A,N/A,N/A,N/A,N/A,N/A,N/A,N/A,N/A,N/A,0.25,1.0,1.0,0.5277777777777778,9.0,0.0,0.0016120399814099,100.0,10,10.0,100.0,N/A,sa,N/A,N/A
202,2,2,2x2,5,11,11,0,True,True,1.0,0,0.0,N/A,N/A,0.0165497999987564,N/A,N/A,N/A,N/A,N/A,N/A,N/A,N/A,N/A,N/A,0.47,1.0,1.0,0.6536363636363637,11.0,0.0,0.0013727199984714,100.0,10,10.0,100.0,N/A,sa,N/A,N/A
203,2,2,2x2,5,8,8,0,True,True,1.0,0,0.0,N/A,N/A,0.0164051000028848,N/A,N/A,N/A,N/A,N/A,N/A,N/A,N/A,N/A,N/A,0.38,1.0,1.0,0.485,8.0,0.0,0.0014027700060978,100.0,10,10.0,100.0,N/A,sa,N/A,N/A
204,2,2,2x2,5,6,6,0,True,True,1.0,0,0.0,N/A,N/A,0.0163171000313013,N/A,N/A,N/A,N/A,N/A,N/A,N/A,N/A,N/A,N/A,0.47,1.0,0.96,0.4895833333333333,6.0,0.0,0.0013976399903185,100.0,10,10.0,100.0,N/A,sa,N/A,N/A
301,3,3,3x3,6,9,9,0,True,True,1.0,0,0.0,N/A,N/A,0.0195036000222899,N/A,N/A,N/A,N/A,N/A,N/A,N/A,N/A,N/A,N/A,0.19,0.8,1.0,0.6444444444444445,8.8,0.4,0.0016192799957934,100.0,10,10.0,100.0,N/A,sa,N/A,N/A
302,3,3,3x3,6,9,9,0,True,True,1.0,0,0.0,N/A,N/A,0.0187589999986812,N/A,N/A,N/A,N/A,N/A,N/A,N/A,N/A,N/A,N/A,0.27,1.0,1.0,0.6666666666666666,9.0,0.0,0.0016002299962565,100.0,10,10.0,100.0,N/A,sa,N/A,N/A
303,3,3,3x3,6,11,11,0,True,True,1.0,0,0.0,N/A,N/A,0.0210031999740749,N/A,N/A,N/A,N/A,N/A,N/A,N/A,N/A,N/A,N/A,0.31,1.0,1.0,0.6263636363636363,11.0,0.0,0.0018232800008263,100.0,10,10.0,100.0,N/A,sa,N/A,N/A
304,3,3,3x3,6,7,7,0,True,True,1.0,0,0.0,N/A,N/A,0.0209433999843895,N/A,N/A,N/A,N/A,N/A,N/A,N/A,N/A,N/A,N/A,0.23,0.9,0.98,0.7346938775510203,6.9,0.3,0.0018119700020179,100.0,10,10.0,100.0,N/A,sa,N/A,N/A
401,4,4,4x4,8,21,21,0,True,True,1.0,0,0.0,N/A,N/A,0.0241511999629437,N/A,N/A,N/A,N/A,N/A,N/A,N/A,N/A,N/A,N/A,0.07,0.5,0.97,0.5360824742268041,19.6,1.743559577416269,0.0020477599988225,100.0,10,10.0,100.0,N/A,sa,N/A,N/A
402,4,4,4x4,8,21,21,0,True,True,1.0,0,0.0,N/A,N/A,0.0238311000284738,N/A,N/A,N/A,N/A,N/A,N/A,N/A,N/A,N/A,N/A,0.09,0.8,0.99,0.6464646464646464,20.6,0.8,0.0020498900150414,100.0,10,10.0,100.0,N/A,sa,N/A,N/A
403,4,4,4x4,7,20,20,0,True,True,1.0,0,0.0,N/A,N/A,0.0213154000230133,N/A,N/A,N/A,N/A,N/A,N/A,N/A,N/A,N/A,N/A,0.17,0.7,1.0,0.6795,18.9,1.757839583124695,0.0018234199960716,100.0,10,10.0,100.0,N/A,sa,N/A,N/A
404,4,4,4x4,8,21,21,0,True,True,1.0,0,0.0,N/A,N/A,0.023542599985376,N/A,N/A,N/A,N/A,N/A,N/A,N/A,N/A,N/A,N/A,0.16,0.8,0.99,0.6108706108706109,20.1,2.118962010041709,0.0020105100004002,100.0,10,10.0,100.0,N/A,sa,N/A,N/A
201,2,2,2x2,5,9,9,0,True,True,1.0,0,0.0,1.0,1.0,442.61800440005027,442.6157518000691,433.17922070156783,9.436531098501291,0.9999949107357614,0.9786800829836624,0.0213199170163374,0.1413496538800187,0.1763407064940357,2510.0,10.0,N/A,N/A,N/A,N/A,N/A,N/A,N/A,N/A,10,N/A,N/A,N/A,qaoa_warmstart,True,0.25
202,2,2,2x2,5,11,11,0,True,True,1.0,0,0.0,0.9,0.9636363636363636,395.5601973999874,395.55789399996866,386.3200869007269,9.237807099241763,0.99999417686604,0.97664613135178,0.0233538686482199,0.1267243086399976,0.1575925193227033,2510.0,10.0,N/A,N/A,N/A,N/A,N/A,N/A,N/A,N/A,10,N/A,N/A,N/A,qaoa_warmstart,True,0.25
203,2,2,2x2,5,8,8,0,True,True,1.0,0,0.0,0.9,0.9375,411.819721100037,411.8175331001403,402.4094293995877,9.4081037005526,0.999994686995827,0.9771546790887486,0.0228453209112514,0.13108121199999,0.1640705265339224,2510.0,10.0,N/A,N/A,N/A,N/A,N/A,N/A,N/A,N/A,10,N/A,N/A,N/A,qaoa_warmstart,True,0.25
204,2,2,2x2,5,6,6,0,True,True,1.0,0,0.0,1.0,1.0,464.6696585000027,464.6674169000471,455.36758069955977,9.299836200487334,0.9999951759278564,0.9799860376212094,0.0200139623787905,0.1472604482799535,0.185126201474118,2510.0,10.0,N/A,N/A,N/A,N/A,N/A,N/A,N/A,N/A,10,N/A,N/A,N/A,qaoa_warmstart,True,0.25
301,3,3,3x3,6,9,9,0,True,True,1.0,0,0.0,0.5,0.9444444444444446,933.5417904999922,933.53943970002,923.8153044012724,9.72413529874757,0.9999974818481656,0.9895835838474352,0.0104164161525647,0.2995584566400386,0.371927752868533,2510.0,10.0,N/A,N/A,N/A,N/A,N/A,N/A,N/A,N/A,10,N/A,N/A,N/A,qaoa_warmstart,True,0.25
302,3,3,3x3,6,9,9,0,True,True,1.0,0,0.0,0.8,0.9666666666666666,863.8157502999529,863.8132743000169,854.0241629001102,9.789111399906687,0.9999971336480782,0.988667560813025,0.0113324391869749,0.2752274656399852,0.3441484251394691,2510.0,10.0,N/A,N/A,N/A,N/A,N/A,N/A,N/A,N/A,10,N/A,N/A,N/A,qaoa_warmstart,True,0.25
303,3,3,3x3,6,11,11,0,True,True,1.0,0,0.0,0.9,0.990909090909091,945.3511139000184,945.3487252999912,935.636770601559,9.711954698432235,0.9999974733197096,0.9897265903697596,0.0102734096302402,0.3012776450000237,0.3766327249402212,2510.0,10.0,N/A,N/A,N/A,N/A,N/A,N/A,N/A,N/A,10,N/A,N/A,N/A,qaoa_warmstart,True,0.25
304,3,3,3x3,6,7,7,0,True,True,1.0,0,0.0,0.9,0.9857142857142858,807.4038564999937,807.4014692999772,797.5874262008583,9.814043099118862,0.9999970433631232,0.9878449030968104,0.0121550969031895,0.2565800337200286,0.3216735400796814,2510.0,10.0,N/A,N/A,N/A,N/A,N/A,N/A,N/A,N/A,10,N/A,N/A,N/A,qaoa_warmstart,True,0.25
401,4,4,4x4,8,21,21,0,True,True,1.0,0,0.0,0.6,0.9523809523809524,4654.052303900011,4654.049676799914,4640.4769292014535,13.57274759846041,0.9999994355241572,0.997083669375916,0.0029163306240841,1.4916491299599874,1.854202713784822,2510.0,10.0,N/A,N/A,N/A,N/A,N/A,N/A,N/A,N/A,10,N/A,N/A,N/A,qaoa_warmstart,True,0.25
